trial,testing,parameters,initial_deadline,final_deadline,net_reward,actions,success
1,False,"{'a': 0.005, 'e': 0.9999500004166653}",30,0,-103.88121035194695,"{0: 22, 1: 0, 2: 6, 3: 1, 4: 1}",0
2,False,"{'a': 0.005, 'e': 0.9998875021093592}",20,0,-107.97973405845458,"{0: 10, 1: 3, 2: 6, 3: 0, 4: 1}",0
3,False,"{'a': 0.005, 'e': 0.9998000066665778}",25,0,-75.61707859012535,"{0: 17, 1: 2, 2: 5, 3: 0, 4: 1}",0
4,False,"{'a': 0.005, 'e': 0.9996875162757026}",25,0,-111.36588698010614,"{0: 18, 1: 3, 2: 1, 3: 1, 4: 2}",0
5,False,"{'a': 0.005, 'e': 0.9995500337489875}",20,0,-50.709264402264886,"{0: 12, 1: 4, 2: 4, 3: 0, 4: 0}",0
6,False,"{'a': 0.005, 'e': 0.9993875625234886}",20,0,-28.322490172367978,"{0: 15, 1: 1, 2: 4, 3: 0, 4: 0}",0
7,False,"{'a': 0.005, 'e': 0.9992001066609779}",20,0,-134.26212544568128,"{0: 11, 1: 2, 2: 4, 3: 1, 4: 2}",0
8,False,"{'a': 0.005, 'e': 0.9989876708478425}",35,0,-237.25662132562337,"{0: 19, 1: 3, 2: 7, 3: 3, 4: 3}",0
9,False,"{'a': 0.005, 'e': 0.9987502603949663}",20,0,-143.1218143262005,"{0: 9, 1: 4, 2: 5, 3: 0, 4: 2}",0
10,False,"{'a': 0.005, 'e': 0.9984878812375985}",35,0,-80.89075842923447,"{0: 25, 1: 5, 2: 4, 3: 0, 4: 1}",0
11,False,"{'a': 0.005, 'e': 0.9982005399352042}",25,4,-45.85167093633551,"{0: 13, 1: 5, 2: 2, 3: 1, 4: 0}",1
12,False,"{'a': 0.005, 'e': 0.9978882436713011}",20,0,-133.2137091730422,"{0: 13, 1: 1, 2: 3, 3: 0, 4: 3}",0
13,False,"{'a': 0.005, 'e': 0.9975510002532796}",20,3,-72.4055893811618,"{0: 11, 1: 3, 2: 1, 3: 1, 4: 1}",1
14,False,"{'a': 0.005, 'e': 0.9971888181122075}",20,0,-115.97503381953504,"{0: 11, 1: 4, 2: 3, 3: 0, 4: 2}",0
15,False,"{'a': 0.005, 'e': 0.9968017063026194}",20,0,-213.59978553592825,"{0: 9, 1: 0, 2: 6, 3: 2, 4: 3}",0
16,False,"{'a': 0.005, 'e': 0.9963896745022904}",35,0,-120.10394506865498,"{0: 23, 1: 1, 2: 10, 3: 0, 4: 1}",0
17,False,"{'a': 0.005, 'e': 0.9959527330119943}",25,0,-177.93450871990223,"{0: 15, 1: 2, 2: 4, 3: 1, 4: 3}",0
18,False,"{'a': 0.005, 'e': 0.9954908927552453}",20,0,-49.90388226224993,"{0: 15, 1: 3, 2: 1, 3: 0, 4: 1}",0
19,False,"{'a': 0.005, 'e': 0.9950041652780258}",20,0,-46.38507543432331,"{0: 13, 1: 3, 2: 3, 3: 1, 4: 0}",0
20,False,"{'a': 0.005, 'e': 0.9944925627484974}",30,0,-174.923608932655,"{0: 17, 1: 1, 2: 9, 3: 1, 4: 2}",0
21,False,"{'a': 0.005, 'e': 0.9939560979566968}",20,0,-48.15015656949356,"{0: 13, 1: 3, 2: 3, 3: 1, 4: 0}",0
22,False,"{'a': 0.005, 'e': 0.9933947843142158}",20,0,-82.83839414763153,"{0: 13, 1: 2, 2: 3, 3: 1, 4: 1}",0
23,False,"{'a': 0.005, 'e': 0.9928086358538663}",20,0,-97.87767922306134,"{0: 11, 1: 3, 2: 5, 3: 0, 4: 1}",0
24,False,"{'a': 0.005, 'e': 0.992197667229329}",30,17,-28.895646211339685,"{0: 7, 1: 4, 2: 2, 3: 0, 4: 0}",1
25,False,"{'a': 0.005, 'e': 0.9915618937147881}",20,0,-32.47310202814534,"{0: 15, 1: 2, 2: 2, 3: 1, 4: 0}",0
26,False,"{'a': 0.005, 'e': 0.9909013312045479}",25,0,-21.739594876894724,"{0: 20, 1: 2, 2: 3, 3: 0, 4: 0}",0
27,False,"{'a': 0.005, 'e': 0.9902159962126371}",25,0,-133.49090955578492,"{0: 14, 1: 2, 2: 7, 3: 0, 4: 2}",0
28,False,"{'a': 0.005, 'e': 0.9895059058723947}",20,0,-138.98397233167128,"{0: 9, 1: 0, 2: 9, 3: 1, 4: 1}",0
29,False,"{'a': 0.005, 'e': 0.9887710779360422}",20,0,-239.17234415518934,"{0: 11, 1: 0, 2: 3, 3: 1, 4: 5}",0
30,False,"{'a': 0.005, 'e': 0.9880115307742399}",25,0,-112.86744622906627,"{0: 17, 1: 1, 2: 5, 3: 0, 4: 2}",0
31,False,"{'a': 0.005, 'e': 0.9872272833756269}",25,0,-65.80535261813898,"{0: 14, 1: 6, 2: 5, 3: 0, 4: 0}",0
32,False,"{'a': 0.005, 'e': 0.9864183553463477}",25,0,-86.09726412112758,"{0: 18, 1: 2, 2: 3, 3: 1, 4: 1}",0
33,False,"{'a': 0.005, 'e': 0.9855847669095608}",20,0,-124.37659237284356,"{0: 11, 1: 1, 2: 5, 3: 2, 4: 1}",0
34,False,"{'a': 0.005, 'e': 0.9847265389049334}",20,0,-177.72471908931124,"{0: 11, 1: 2, 2: 2, 3: 2, 4: 3}",0
35,False,"{'a': 0.005, 'e': 0.9838436927881214}",25,0,-126.17715273632852,"{0: 17, 1: 2, 2: 2, 3: 2, 4: 2}",0
36,False,"{'a': 0.005, 'e': 0.9829362506302315}",20,0,-161.46090215688125,"{0: 10, 1: 4, 2: 3, 3: 0, 4: 3}",0
37,False,"{'a': 0.005, 'e': 0.9820042351172703}",30,0,-251.96969069237537,"{0: 13, 1: 1, 2: 10, 3: 4, 4: 2}",0
38,False,"{'a': 0.005, 'e': 0.9810476695495772}",25,0,-142.73879551561467,"{0: 15, 1: 2, 2: 5, 3: 1, 4: 2}",0
39,False,"{'a': 0.005, 'e': 0.9800665778412416}",30,0,-92.7449050547838,"{0: 20, 1: 3, 2: 6, 3: 0, 4: 1}",0
40,False,"{'a': 0.005, 'e': 0.9790609845195051}",20,0,-219.91446265240594,"{0: 5, 1: 4, 2: 7, 3: 1, 4: 3}",0
41,False,"{'a': 0.005, 'e': 0.9780309147241483}",20,6,-54.69062333668256,"{0: 7, 1: 1, 2: 6, 3: 0, 4: 0}",1
42,False,"{'a': 0.005, 'e': 0.9769763942068623}",25,0,-94.75141370829434,"{0: 20, 1: 0, 2: 2, 3: 1, 4: 2}",0
43,False,"{'a': 0.005, 'e': 0.9758974493306055}",20,0,-64.75156391640435,"{0: 13, 1: 1, 2: 4, 3: 2, 4: 0}",0
44,False,"{'a': 0.005, 'e': 0.9747941070689433}",20,9,-59.17703309939989,"{0: 7, 1: 0, 2: 3, 3: 0, 4: 1}",1
45,False,"{'a': 0.005, 'e': 0.9736663950053749}",20,0,-169.37297950892813,"{0: 11, 1: 0, 2: 6, 3: 0, 4: 3}",0
46,False,"{'a': 0.005, 'e': 0.972514341332643}",20,0,-46.41241244826493,"{0: 14, 1: 2, 2: 3, 3: 1, 4: 0}",0
47,False,"{'a': 0.005, 'e': 0.9713379748520296}",30,0,-122.18360836315397,"{0: 19, 1: 5, 2: 4, 3: 0, 4: 2}",0
48,False,"{'a': 0.005, 'e': 0.9701373249726354}",30,5,-43.426240509064314,"{0: 18, 1: 3, 2: 2, 3: 2, 4: 0}",1
49,False,"{'a': 0.005, 'e': 0.9689124217106447}",25,0,-143.9658270410257,"{0: 15, 1: 1, 2: 6, 3: 1, 4: 2}",0
50,False,"{'a': 0.005, 'e': 0.9676632956885756}",25,0,-52.91341065855485,"{0: 19, 1: 3, 2: 2, 3: 0, 4: 1}",0
51,False,"{'a': 0.005, 'e': 0.9663899781345132}",25,19,3.6906671758816874,"{0: 5, 1: 1, 2: 0, 3: 0, 4: 0}",1
52,False,"{'a': 0.005, 'e': 0.9650925008813303}",25,0,-107.89392829915987,"{0: 17, 1: 3, 2: 3, 3: 0, 4: 2}",0
53,False,"{'a': 0.005, 'e': 0.9637708963658905}",20,0,-134.19621077342066,"{0: 8, 1: 3, 2: 7, 3: 1, 4: 1}",0
54,False,"{'a': 0.005, 'e': 0.962425197628238}",30,0,-184.42622806518352,"{0: 17, 1: 4, 2: 6, 3: 0, 4: 3}",0
55,False,"{'a': 0.005, 'e': 0.9610554383107709}",25,0,-89.25513828728295,"{0: 15, 1: 5, 2: 4, 3: 0, 4: 1}",0
56,False,"{'a': 0.005, 'e': 0.9596616526574011}",25,0,-99.98216139684438,"{0: 12, 1: 7, 2: 4, 3: 2, 4: 0}",0
57,False,"{'a': 0.005, 'e': 0.9582438755126972}",20,0,-132.92958587677964,"{0: 11, 1: 2, 2: 4, 3: 1, 4: 2}",0
58,False,"{'a': 0.005, 'e': 0.9568021423210139}",20,15,4.073036402601209,"{0: 4, 1: 1, 2: 0, 3: 0, 4: 0}",1
59,False,"{'a': 0.005, 'e': 0.955336489125606}",20,0,-119.1992528650394,"{0: 10, 1: 2, 2: 6, 3: 1, 4: 1}",0
60,False,"{'a': 0.005, 'e': 0.9538469525677271}",20,0,-48.55445276206622,"{0: 14, 1: 2, 2: 3, 3: 1, 4: 0}",0
61,False,"{'a': 0.005, 'e': 0.9523335698857134}",25,0,-98.27732308426758,"{0: 19, 1: 1, 2: 3, 3: 0, 4: 2}",0
62,False,"{'a': 0.005, 'e': 0.9507963789140532}",20,12,-47.47339825142983,"{0: 4, 1: 3, 2: 0, 3: 0, 4: 1}",1
63,False,"{'a': 0.005, 'e': 0.9492354180824408}",35,13,-108.89706234636314,"{0: 13, 1: 4, 2: 1, 3: 3, 4: 1}",1
64,False,"{'a': 0.005, 'e': 0.9476507264148157}",25,0,-39.50166580161062,"{0: 18, 1: 1, 2: 6, 3: 0, 4: 0}",0
65,False,"{'a': 0.005, 'e': 0.946042343528387}",20,0,-150.82741244143276,"{0: 10, 1: 5, 2: 2, 3: 0, 4: 3}",0
66,False,"{'a': 0.005, 'e': 0.944410309632643}",25,0,-87.82806669449272,"{0: 15, 1: 6, 2: 3, 3: 0, 4: 1}",0
67,False,"{'a': 0.005, 'e': 0.9427546655283462}",20,0,-173.52101529493348,"{0: 10, 1: 2, 2: 5, 3: 0, 4: 3}",0
68,False,"{'a': 0.005, 'e': 0.941075452606513}",20,0,-31.695225703403935,"{0: 14, 1: 2, 2: 4, 3: 0, 4: 0}",0
69,False,"{'a': 0.005, 'e': 0.9393727128473789}",35,0,-222.16776887625255,"{0: 20, 1: 0, 2: 12, 3: 0, 4: 3}",0
70,False,"{'a': 0.005, 'e': 0.9376464888193493}",25,0,-98.31714405608754,"{0: 16, 1: 1, 2: 7, 3: 0, 4: 1}",0
71,False,"{'a': 0.005, 'e': 0.9358968236779348}",30,0,-69.3480449558138,"{0: 23, 1: 3, 2: 2, 3: 1, 4: 1}",0
72,False,"{'a': 0.005, 'e': 0.9341237611646731}",25,0,-54.73036568679196,"{0: 18, 1: 2, 2: 3, 3: 2, 4: 0}",0
73,False,"{'a': 0.005, 'e': 0.9323273456060345}",25,0,-136.78406893018825,"{0: 14, 1: 5, 2: 3, 3: 1, 4: 2}",0
74,False,"{'a': 0.005, 'e': 0.9305076219123143}",20,5,-27.695451337197103,"{0: 8, 1: 5, 2: 2, 3: 0, 4: 0}",1
75,False,"{'a': 0.005, 'e': 0.9286646355765102}",20,15,1.3306870129414294,"{0: 4, 1: 1, 2: 0, 3: 0, 4: 0}",1
76,False,"{'a': 0.005, 'e': 0.9267984326731847}",30,0,-213.33271862305978,"{0: 17, 1: 1, 2: 7, 3: 2, 4: 3}",0
77,False,"{'a': 0.005, 'e': 0.9249090598573131}",20,0,-87.9828491665869,"{0: 13, 1: 1, 2: 4, 3: 1, 4: 1}",0
78,False,"{'a': 0.005, 'e': 0.9229965643631173}",25,12,-60.116231999552106,"{0: 8, 1: 1, 2: 3, 3: 0, 4: 1}",1
79,False,"{'a': 0.005, 'e': 0.9210609940028851}",25,0,-89.90166601208615,"{0: 18, 1: 3, 2: 2, 3: 0, 4: 2}",0
80,False,"{'a': 0.005, 'e': 0.9191023971657747}",30,7,-133.34429568587308,"{0: 13, 1: 3, 2: 5, 3: 0, 4: 2}",1
81,False,"{'a': 0.005, 'e': 0.9171208228166051}",25,0,-76.97430841134017,"{0: 17, 1: 4, 2: 2, 3: 1, 4: 1}",0
82,False,"{'a': 0.005, 'e': 0.9151163204946318}",25,0,-171.71688915067773,"{0: 17, 1: 1, 2: 2, 3: 2, 4: 3}",0
83,False,"{'a': 0.005, 'e': 0.9130889403123083}",25,0,-157.9619284839577,"{0: 16, 1: 0, 2: 6, 3: 0, 4: 3}",0
84,False,"{'a': 0.005, 'e': 0.9110387329540337}",20,0,-119.22299783566851,"{0: 11, 1: 1, 2: 6, 3: 1, 4: 1}",0
85,False,"{'a': 0.005, 'e': 0.9089657496748851}",20,0,-56.243551299228905,"{0: 13, 1: 0, 2: 7, 3: 0, 4: 0}",0
86,False,"{'a': 0.005, 'e': 0.9068700422993367}",30,0,-118.61090013845755,"{0: 21, 1: 4, 2: 2, 3: 1, 4: 2}",0
87,False,"{'a': 0.005, 'e': 0.9047516632199634}",25,0,-91.05366652541831,"{0: 17, 1: 4, 2: 1, 3: 2, 4: 1}",0
88,False,"{'a': 0.005, 'e': 0.9026106653961321}",20,13,-15.484851569485798,"{0: 5, 1: 1, 2: 0, 3: 1, 4: 0}",1
89,False,"{'a': 0.005, 'e': 0.9004471023526769}",20,0,-82.3275725323007,"{0: 13, 1: 2, 2: 3, 3: 1, 4: 1}",0
90,False,"{'a': 0.005, 'e': 0.8982610281785611}",30,0,-119.05931699272473,"{0: 20, 1: 4, 2: 4, 3: 0, 4: 2}",0
91,False,"{'a': 0.005, 'e': 0.8960524975255252}",25,0,-143.8407812532677,"{0: 15, 1: 3, 2: 3, 3: 2, 4: 2}",0
92,False,"{'a': 0.005, 'e': 0.8938215656067205}",25,0,-98.3015825588198,"{0: 17, 1: 2, 2: 3, 3: 2, 4: 1}",0
93,False,"{'a': 0.005, 'e': 0.891568288195329}",20,4,-51.67851314968345,"{0: 10, 1: 1, 2: 4, 3: 1, 4: 0}",1
94,False,"{'a': 0.005, 'e': 0.8892927216231682}",25,0,-140.17023305850103,"{0: 16, 1: 1, 2: 5, 3: 1, 4: 2}",0
95,False,"{'a': 0.005, 'e': 0.8869949227792842}",20,0,-66.61709767592272,"{0: 10, 1: 4, 2: 6, 3: 0, 4: 0}",0
96,False,"{'a': 0.005, 'e': 0.8846749491085283}",20,0,-120.91829919913997,"{0: 10, 1: 5, 2: 3, 3: 0, 4: 2}",0
97,False,"{'a': 0.005, 'e': 0.8823328586101215}",20,0,-102.58365592768915,"{0: 12, 1: 1, 2: 5, 3: 1, 4: 1}",0
98,False,"{'a': 0.005, 'e': 0.8799687098362042}",25,0,-127.94765097806264,"{0: 15, 1: 5, 2: 2, 3: 1, 4: 2}",0
99,False,"{'a': 0.005, 'e': 0.8775825618903728}",20,0,-40.077823627725564,"{0: 14, 1: 3, 2: 2, 3: 1, 4: 0}",0
100,False,"{'a': 0.005, 'e': 0.8751744744262013}",20,0,-39.382499977686216,"{0: 14, 1: 2, 2: 3, 3: 1, 4: 0}",0
101,False,"{'a': 0.005, 'e': 0.8727445076457513}",25,0,-100.75110848746414,"{0: 17, 1: 1, 2: 4, 3: 2, 4: 1}",0
102,False,"{'a': 0.005, 'e': 0.8702927222980654}",20,0,-79.94122787515713,"{0: 11, 1: 1, 2: 7, 3: 1, 4: 0}",0
103,False,"{'a': 0.005, 'e': 0.8678191796776499}",25,0,-123.99539114521495,"{0: 15, 1: 2, 2: 6, 3: 0, 4: 2}",0
104,False,"{'a': 0.005, 'e': 0.8653239416229412}",20,12,-20.103836652679917,"{0: 5, 1: 0, 2: 3, 3: 0, 4: 0}",1
105,False,"{'a': 0.005, 'e': 0.862807070514761}",25,0,-111.79828676911399,"{0: 15, 1: 1, 2: 7, 3: 1, 4: 1}",0
106,False,"{'a': 0.005, 'e': 0.8602686292747557}",20,9,-52.76545429726793,"{0: 7, 1: 1, 2: 2, 3: 0, 4: 1}",1
107,False,"{'a': 0.005, 'e': 0.8577086813638242}",25,11,-108.33145118584,"{0: 8, 1: 0, 2: 4, 3: 0, 4: 2}",1
108,False,"{'a': 0.005, 'e': 0.8551272907805307}",20,12,-75.6284835483647,"{0: 5, 1: 1, 2: 0, 3: 0, 4: 2}",1
109,False,"{'a': 0.005, 'e': 0.8525245220595057}",20,0,-93.78590575112895,"{0: 12, 1: 2, 2: 4, 3: 1, 4: 1}",0
110,False,"{'a': 0.005, 'e': 0.8499004402698315}",30,0,-95.83966123153701,"{0: 19, 1: 5, 2: 5, 3: 0, 4: 1}",0
111,False,"{'a': 0.005, 'e': 0.8472551110134161}",25,0,-24.81172776414877,"{0: 20, 1: 1, 2: 4, 3: 0, 4: 0}",0
112,False,"{'a': 0.005, 'e': 0.8445886004233532}",20,0,-65.1403939756566,"{0: 11, 1: 4, 2: 4, 3: 1, 4: 0}",0
113,False,"{'a': 0.005, 'e': 0.8419009751622687}",25,0,-116.57174899764347,"{0: 18, 1: 0, 2: 4, 3: 1, 4: 2}",0
114,False,"{'a': 0.005, 'e': 0.8391923024206541}",25,8,10.825572003274361,"{0: 16, 1: 0, 2: 1, 3: 0, 4: 0}",1
115,False,"{'a': 0.005, 'e': 0.8364626499151869}",25,0,-113.32326263580353,"{0: 20, 1: 0, 2: 2, 3: 0, 4: 3}",0
116,False,"{'a': 0.005, 'e': 0.8337120858870376}",25,0,-200.0444742784303,"{0: 15, 1: 1, 2: 5, 3: 0, 4: 4}",0
117,False,"{'a': 0.005, 'e': 0.8309406791001636}",30,0,-85.06097662563702,"{0: 19, 1: 4, 2: 5, 3: 2, 4: 0}",0
118,False,"{'a': 0.005, 'e': 0.8281484988395901}",30,8,-118.99119750095923,"{0: 13, 1: 0, 2: 6, 3: 2, 4: 1}",1
119,False,"{'a': 0.005, 'e': 0.8253356149096783}",20,0,-85.1740067338482,"{0: 14, 1: 2, 2: 1, 3: 2, 4: 1}",0
120,False,"{'a': 0.005, 'e': 0.82250209763238}",25,13,-52.874865478609635,"{0: 6, 1: 1, 2: 4, 3: 1, 4: 0}",1
121,False,"{'a': 0.005, 'e': 0.8196480178454795}",25,5,-56.57165381634051,"{0: 11, 1: 3, 2: 6, 3: 0, 4: 0}",1
122,False,"{'a': 0.005, 'e': 0.8167734469008229}",20,0,-138.30870257314012,"{0: 11, 1: 0, 2: 7, 3: 0, 4: 2}",0
123,False,"{'a': 0.005, 'e': 0.8138784566625339}",20,0,-127.16535797959173,"{0: 10, 1: 5, 2: 1, 3: 3, 4: 1}",0
124,False,"{'a': 0.005, 'e': 0.8109631195052179}",20,0,-105.75296722559332,"{0: 11, 1: 2, 2: 5, 3: 1, 4: 1}",0
125,False,"{'a': 0.005, 'e': 0.8080275083121519}",25,0,-41.98156388412047,"{0: 18, 1: 3, 2: 3, 3: 1, 4: 0}",0
126,False,"{'a': 0.005, 'e': 0.8050716964734628}",25,4,-76.21787530449548,"{0: 14, 1: 1, 2: 5, 3: 0, 4: 1}",1
127,False,"{'a': 0.005, 'e': 0.8020957578842927}",25,4,-141.52247799496703,"{0: 12, 1: 3, 2: 3, 3: 0, 4: 3}",1
128,False,"{'a': 0.005, 'e': 0.7990997669429512}",25,0,-94.78274724492799,"{0: 16, 1: 3, 2: 4, 3: 1, 4: 1}",0
129,False,"{'a': 0.005, 'e': 0.7960837985490558}",20,0,-116.23949383024922,"{0: 13, 1: 2, 2: 2, 3: 1, 4: 2}",0
130,False,"{'a': 0.005, 'e': 0.7930479281016595}",25,0,-122.68343195217257,"{0: 16, 1: 0, 2: 6, 3: 2, 4: 1}",0
131,False,"{'a': 0.005, 'e': 0.7899922314973651}",25,5,-113.78944132825123,"{0: 14, 1: 0, 2: 2, 3: 2, 4: 2}",1
132,False,"{'a': 0.005, 'e': 0.7869167851284287}",35,0,-142.68162503607851,"{0: 22, 1: 1, 2: 9, 3: 2, 4: 1}",0
133,False,"{'a': 0.005, 'e': 0.7838216658808492}",20,0,-117.60152293554985,"{0: 13, 1: 1, 2: 3, 3: 1, 4: 2}",0
134,False,"{'a': 0.005, 'e': 0.7807069511324468}",35,0,-153.11741172757854,"{0: 25, 1: 2, 2: 5, 3: 0, 4: 3}",0
135,False,"{'a': 0.005, 'e': 0.7775727187509279}",25,7,-91.9624257186034,"{0: 10, 1: 1, 2: 6, 3: 0, 4: 1}",1
136,False,"{'a': 0.005, 'e': 0.7744190470919388}",25,0,-125.7528349261398,"{0: 17, 1: 1, 2: 4, 3: 1, 4: 2}",0
137,False,"{'a': 0.005, 'e': 0.7712460149971065}",35,0,-87.6816438464214,"{0: 27, 1: 2, 2: 3, 3: 2, 4: 1}",0
138,False,"{'a': 0.005, 'e': 0.7680537017920684}",20,7,-25.673931932104804,"{0: 9, 1: 0, 2: 4, 3: 0, 4: 0}",1
139,False,"{'a': 0.005, 'e': 0.7648421872844884}",25,0,-80.38073636695691,"{0: 18, 1: 3, 2: 1, 3: 2, 4: 1}",0
140,False,"{'a': 0.005, 'e': 0.7616115517620617}",25,0,-144.53993208538296,"{0: 17, 1: 0, 2: 4, 3: 2, 4: 2}",0
141,False,"{'a': 0.005, 'e': 0.7583618759905082}",25,1,-67.81530729657949,"{0: 18, 1: 0, 2: 5, 3: 0, 4: 1}",1
142,False,"{'a': 0.005, 'e': 0.7550932412115529}",30,0,-230.43090693631268,"{0: 16, 1: 2, 2: 8, 3: 0, 4: 4}",0
143,False,"{'a': 0.005, 'e': 0.7518057291408949}",30,0,-20.893530288958583,"{0: 24, 1: 2, 2: 4, 3: 0, 4: 0}",0
144,False,"{'a': 0.005, 'e': 0.7484994219661651}",30,0,-55.94423274334924,"{0: 22, 1: 1, 2: 6, 3: 1, 4: 0}",0
145,False,"{'a': 0.005, 'e': 0.7451744023448704}",20,0,-33.6908261930722,"{0: 17, 1: 0, 2: 2, 3: 0, 4: 1}",0
146,False,"{'a': 0.005, 'e': 0.7418307534023282}",20,0,-108.84177655544207,"{0: 14, 1: 1, 2: 2, 3: 1, 4: 2}",0
147,False,"{'a': 0.005, 'e': 0.7384685587295879}",30,12,-20.322146822880512,"{0: 14, 1: 0, 2: 4, 3: 0, 4: 0}",1
148,False,"{'a': 0.005, 'e': 0.7350879023813413}",25,7,-32.67118857056778,"{0: 13, 1: 1, 2: 3, 3: 1, 4: 0}",1
149,False,"{'a': 0.005, 'e': 0.7316888688738209}",20,0,-103.67924898291253,"{0: 11, 1: 1, 2: 7, 3: 0, 4: 1}",0
150,False,"{'a': 0.005, 'e': 0.7282715431826874}",30,0,-120.3864121788117,"{0: 22, 1: 1, 2: 4, 3: 1, 4: 2}",0
151,False,"{'a': 0.005, 'e': 0.7248360107409052}",20,0,-50.990723590983876,"{0: 13, 1: 2, 2: 4, 3: 1, 4: 0}",0
152,False,"{'a': 0.005, 'e': 0.7213823574366063}",20,0,-117.45827039001117,"{0: 12, 1: 1, 2: 5, 3: 0, 4: 2}",0
153,False,"{'a': 0.005, 'e': 0.7179106696109434}",25,0,-219.1251912141371,"{0: 14, 1: 0, 2: 7, 3: 0, 4: 4}",0
154,False,"{'a': 0.005, 'e': 0.7144210340559313}",35,15,-23.90727965883355,"{0: 17, 1: 1, 2: 1, 3: 0, 4: 1}",1
155,False,"{'a': 0.005, 'e': 0.7109135380122773}",20,8,-138.5784883139981,"{0: 7, 1: 0, 2: 1, 3: 1, 4: 3}",1
156,False,"{'a': 0.005, 'e': 0.7073882691671998}",30,13,-12.121385511044462,"{0: 14, 1: 1, 2: 1, 3: 1, 4: 0}",1
157,False,"{'a': 0.005, 'e': 0.7038453156522361}",20,0,-30.641296465398895,"{0: 15, 1: 2, 2: 2, 3: 1, 4: 0}",0
158,False,"{'a': 0.005, 'e': 0.7002847660410396}",20,0,-16.960910665529074,"{0: 16, 1: 0, 2: 4, 3: 0, 4: 0}",0
159,False,"{'a': 0.005, 'e': 0.6967067093471654}",20,0,-35.861123255105106,"{0: 16, 1: 1, 2: 1, 3: 2, 4: 0}",0
160,False,"{'a': 0.005, 'e': 0.6931112350218442}",25,0,-49.55991900164305,"{0: 18, 1: 2, 2: 4, 3: 1, 4: 0}",0
161,False,"{'a': 0.005, 'e': 0.689498432951747}",20,0,-26.08042920527923,"{0: 17, 1: 0, 2: 2, 3: 1, 4: 0}",0
162,False,"{'a': 0.005, 'e': 0.6858683934567373}",25,0,-113.73647919933451,"{0: 19, 1: 0, 2: 2, 3: 2, 4: 2}",0
163,False,"{'a': 0.005, 'e': 0.6822212072876135}",25,0,-63.168381484624206,"{0: 18, 1: 4, 2: 1, 3: 1, 4: 1}",0
164,False,"{'a': 0.005, 'e': 0.6785569656238398}",25,0,-54.293598427826616,"{0: 19, 1: 3, 2: 1, 3: 1, 4: 1}",0
165,False,"{'a': 0.005, 'e': 0.674875760071267}",30,13,-45.702660761865985,"{0: 13, 1: 1, 2: 2, 3: 0, 4: 1}",1
166,False,"{'a': 0.005, 'e': 0.6711776826598423}",25,0,-30.94055737822062,"{0: 21, 1: 0, 2: 2, 3: 2, 4: 0}",0
167,False,"{'a': 0.005, 'e': 0.6674628258413081}",20,0,-96.90252097158488,"{0: 14, 1: 1, 2: 3, 3: 0, 4: 2}",0
168,False,"{'a': 0.005, 'e': 0.6637312824868916}",20,0,-36.12376598110336,"{0: 16, 1: 2, 2: 1, 3: 0, 4: 1}",0
169,False,"{'a': 0.005, 'e': 0.6599831458849822}",20,4,-32.152872130372444,"{0: 12, 1: 0, 2: 3, 3: 1, 4: 0}",1
170,False,"{'a': 0.005, 'e': 0.6562185097387998}",25,7,-156.04334590726143,"{0: 9, 1: 2, 2: 4, 3: 0, 4: 3}",1
171,False,"{'a': 0.005, 'e': 0.6524374681640519}",25,8,-32.620959002106716,"{0: 11, 1: 3, 2: 2, 3: 1, 4: 0}",1
172,False,"{'a': 0.005, 'e': 0.648640115686581}",25,7,8.316366674337234,"{0: 16, 1: 0, 2: 2, 3: 0, 4: 0}",1
173,False,"{'a': 0.005, 'e': 0.6448265472400012}",25,14,-2.2273488947728968,"{0: 8, 1: 3, 2: 0, 3: 0, 4: 0}",1
174,False,"{'a': 0.005, 'e': 0.6409968581633251}",25,0,-86.55617181278792,"{0: 16, 1: 4, 2: 3, 3: 1, 4: 1}",0
175,False,"{'a': 0.005, 'e': 0.6371511441985802}",25,0,-141.81675682852006,"{0: 14, 1: 1, 2: 8, 3: 0, 4: 2}",0
176,False,"{'a': 0.005, 'e': 0.6332895014884152}",20,1,-15.83040515975253,"{0: 16, 1: 1, 2: 1, 3: 1, 4: 0}",1
177,False,"{'a': 0.005, 'e': 0.6294120265736969}",25,0,-117.30947577319195,"{0: 18, 1: 1, 2: 3, 3: 1, 4: 2}",0
178,False,"{'a': 0.005, 'e': 0.625518816391096}",20,9,18.104522838177367,"{0: 11, 1: 0, 2: 0, 3: 0, 4: 0}",1
179,False,"{'a': 0.005, 'e': 0.6216099682706644}",25,0,-142.37353306675806,"{0: 20, 1: 0, 2: 1, 3: 0, 4: 4}",0
180,False,"{'a': 0.005, 'e': 0.6176855799334016}",20,0,-51.602566844559924,"{0: 13, 1: 2, 2: 4, 3: 1, 4: 0}",0
181,False,"{'a': 0.005, 'e': 0.6137457494888116}",25,5,-85.14040724819469,"{0: 14, 1: 2, 2: 2, 3: 0, 4: 2}",1
182,False,"{'a': 0.005, 'e': 0.6097905754324501}",20,9,7.657828763308371,"{0: 10, 1: 0, 2: 1, 3: 0, 4: 0}",1
183,False,"{'a': 0.005, 'e': 0.6058201566434628}",20,9,10.80888672333009,"{0: 10, 1: 0, 2: 1, 3: 0, 4: 0}",1
184,False,"{'a': 0.005, 'e': 0.6018345923821126}",20,6,-37.1943466001476,"{0: 11, 1: 1, 2: 1, 3: 0, 4: 1}",1
185,False,"{'a': 0.005, 'e': 0.5978339822872982}",25,13,-2.8464670523876654,"{0: 10, 1: 0, 2: 2, 3: 0, 4: 0}",1
186,False,"{'a': 0.005, 'e': 0.5938184263740639}",20,8,-68.6262982426296,"{0: 9, 1: 1, 2: 0, 3: 0, 4: 2}",1
187,False,"{'a': 0.005, 'e': 0.5897880250310982}",20,0,-10.959980314496487,"{0: 16, 1: 2, 2: 2, 3: 0, 4: 0}",0
188,False,"{'a': 0.005, 'e': 0.5857428790182249}",20,2,-9.561941637901288,"{0: 15, 1: 0, 2: 3, 3: 0, 4: 0}",1
189,False,"{'a': 0.005, 'e': 0.5816830894638835}",20,0,-60.28428395710331,"{0: 12, 1: 2, 2: 5, 3: 1, 4: 0}",0
190,False,"{'a': 0.005, 'e': 0.5776087578626015}",25,0,-14.166371830683257,"{0: 20, 1: 1, 2: 4, 3: 0, 4: 0}",0
191,False,"{'a': 0.005, 'e': 0.5735199860724567}",25,0,-106.80121117077961,"{0: 17, 1: 0, 2: 5, 3: 2, 4: 1}",0
192,False,"{'a': 0.005, 'e': 0.5694168763125309}",30,8,-103.1931190290353,"{0: 15, 1: 1, 2: 2, 3: 3, 4: 1}",1
193,False,"{'a': 0.005, 'e': 0.5652995311603544}",20,9,-20.455735594898393,"{0: 10, 1: 0, 2: 0, 3: 0, 4: 1}",1
194,False,"{'a': 0.005, 'e': 0.5611680535493414}",25,19,9.039521618322393,"{0: 6, 1: 0, 2: 0, 3: 0, 4: 0}",1
195,False,"{'a': 0.005, 'e': 0.5570225467662173}",20,0,21.114285581639514,"{0: 19, 1: 0, 2: 1, 3: 0, 4: 0}",1
196,False,"{'a': 0.005, 'e': 0.5528631144484356}",25,0,-76.32292672046553,"{0: 18, 1: 2, 2: 3, 3: 1, 4: 1}",0
197,False,"{'a': 0.005, 'e': 0.5486898605815875}",25,6,-126.5585658237091,"{0: 13, 1: 1, 2: 2, 3: 0, 4: 3}",1
198,False,"{'a': 0.005, 'e': 0.5445028894968026}",20,13,1.736001889265475,"{0: 6, 1: 1, 2: 0, 3: 0, 4: 0}",1
199,False,"{'a': 0.005, 'e': 0.5403023058681397}",20,0,-40.31558891834163,"{0: 16, 1: 1, 2: 2, 3: 0, 4: 1}",0
200,False,"{'a': 0.005, 'e': 0.5360882147099707}",25,0,1.2293023228468563,"{0: 23, 1: 0, 2: 1, 3: 1, 4: 0}",0
201,False,"{'a': 0.005, 'e': 0.5318607213743555}",20,8,-5.045325234605929,"{0: 9, 1: 1, 2: 2, 3: 0, 4: 0}",1
202,False,"{'a': 0.005, 'e': 0.5276199315484067}",35,0,9.073959948256622,"{0: 31, 1: 2, 2: 2, 3: 0, 4: 0}",0
203,False,"{'a': 0.005, 'e': 0.5233659512516495}",30,18,-11.801300790872133,"{0: 9, 1: 0, 2: 3, 3: 0, 4: 0}",1
204,False,"{'a': 0.005, 'e': 0.5190988868333698}",25,10,-63.85612194057849,"{0: 11, 1: 0, 2: 2, 3: 1, 4: 1}",1
205,False,"{'a': 0.005, 'e': 0.5148188449699553}",25,16,15.327665811322118,"{0: 9, 1: 0, 2: 0, 3: 0, 4: 0}",1
206,False,"{'a': 0.005, 'e': 0.5105259326622302}",30,0,-88.8690328323777,"{0: 20, 1: 2, 2: 6, 3: 2, 4: 0}",0
207,False,"{'a': 0.005, 'e': 0.5062202572327784}",25,0,-36.64401744343399,"{0: 21, 1: 1, 2: 2, 3: 0, 4: 1}",0
208,False,"{'a': 0.005, 'e': 0.5019019263232615}",20,2,6.8560270218610455,"{0: 17, 1: 0, 2: 0, 3: 1, 4: 0}",1
209,False,"{'a': 0.005, 'e': 0.49757104789172696}",25,8,-81.2143403658481,"{0: 10, 1: 0, 2: 6, 3: 0, 4: 1}",1
210,False,"{'a': 0.005, 'e': 0.4932277302099105}",20,0,-12.449404203458949,"{0: 17, 1: 0, 2: 2, 3: 1, 4: 0}",0
211,False,"{'a': 0.005, 'e': 0.4888720818605275}",30,15,14.63976531633458,"{0: 14, 1: 0, 2: 1, 3: 0, 4: 0}",1
212,False,"{'a': 0.005, 'e': 0.48450421173456026}",20,6,-12.202944811437607,"{0: 11, 1: 0, 2: 3, 3: 0, 4: 0}",1
213,False,"{'a': 0.005, 'e': 0.4801242290285341}",20,0,-52.86343224653213,"{0: 15, 1: 1, 2: 3, 3: 0, 4: 1}",0
214,False,"{'a': 0.005, 'e': 0.4757322432417888}",25,15,8.467273444678506,"{0: 9, 1: 1, 2: 0, 3: 0, 4: 0}",1
215,False,"{'a': 0.005, 'e': 0.47132836417373997}",30,13,5.2109742824138205,"{0: 15, 1: 0, 2: 2, 3: 0, 4: 0}",1
216,False,"{'a': 0.005, 'e': 0.4669127019211353}",25,0,-29.340477339280625,"{0: 20, 1: 1, 2: 2, 3: 2, 4: 0}",1
217,False,"{'a': 0.005, 'e': 0.4624853668753008}",30,7,-115.59668631604511,"{0: 15, 1: 2, 2: 3, 3: 1, 4: 2}",1
218,False,"{'a': 0.005, 'e': 0.45804646971938234}",20,0,-27.588078471561616,"{0: 18, 1: 0, 2: 1, 3: 0, 4: 1}",0
219,False,"{'a': 0.005, 'e': 0.4535961214255773}",30,7,-211.80086921526959,"{0: 15, 1: 1, 2: 1, 3: 1, 4: 5}",1
220,False,"{'a': 0.005, 'e': 0.4491344332523616}",25,17,2.6076339437658955,"{0: 7, 1: 0, 2: 1, 3: 0, 4: 0}",1
221,False,"{'a': 0.005, 'e': 0.4446615167417068}",25,2,-62.70136561108211,"{0: 18, 1: 1, 2: 2, 3: 1, 4: 1}",1
222,False,"{'a': 0.005, 'e': 0.440177483716293}",35,6,-98.28583109488875,"{0: 19, 1: 0, 2: 8, 3: 1, 4: 1}",1
223,False,"{'a': 0.005, 'e': 0.4356824462767121}",20,0,29.30989627304991,"{0: 20, 1: 0, 2: 0, 3: 0, 4: 0}",0
224,False,"{'a': 0.005, 'e': 0.4311765167986662}",25,19,11.683503908681043,"{0: 6, 1: 0, 2: 0, 3: 0, 4: 0}",1
225,False,"{'a': 0.005, 'e': 0.42665980793015723}",20,14,-29.570693279967305,"{0: 5, 1: 0, 2: 0, 3: 0, 4: 1}",1
226,False,"{'a': 0.005, 'e': 0.42213243258867206}",25,7,-42.82650968275834,"{0: 15, 1: 0, 2: 1, 3: 1, 4: 1}",1
227,False,"{'a': 0.005, 'e': 0.41759450395835795}",20,10,16.61285301926926,"{0: 10, 1: 0, 2: 0, 3: 0, 4: 0}",1
228,False,"{'a': 0.005, 'e': 0.4130461354871949}",25,0,-20.477789884183302,"{0: 19, 1: 2, 2: 4, 3: 0, 4: 0}",0
229,False,"{'a': 0.005, 'e': 0.40848744088415717}",20,0,-35.30058229349795,"{0: 18, 1: 0, 2: 0, 3: 1, 4: 1}",0
230,False,"{'a': 0.005, 'e': 0.40391853411637296}",35,23,-28.205934838013334,"{0: 10, 1: 0, 2: 1, 3: 0, 4: 1}",1
231,False,"{'a': 0.005, 'e': 0.3993395294062732}",30,0,-43.135826848778834,"{0: 25, 1: 0, 2: 4, 3: 0, 4: 1}",1
232,False,"{'a': 0.005, 'e': 0.39475054122873704}",30,13,-13.170479696514086,"{0: 14, 1: 1, 2: 1, 3: 1, 4: 0}",1
233,False,"{'a': 0.005, 'e': 0.3901516843082303}",30,8,-39.58482690781135,"{0: 18, 1: 1, 2: 2, 3: 0, 4: 1}",1
234,False,"{'a': 0.005, 'e': 0.385543073615936}",30,22,14.389593548088913,"{0: 8, 1: 0, 2: 0, 3: 0, 4: 0}",1
235,False,"{'a': 0.005, 'e': 0.38092482436688185}",20,10,5.787959136634139,"{0: 9, 1: 0, 2: 1, 3: 0, 4: 0}",1
236,False,"{'a': 0.005, 'e': 0.37629705201705815}",20,12,14.835722449130486,"{0: 8, 1: 0, 2: 0, 3: 0, 4: 0}",1
237,False,"{'a': 0.005, 'e': 0.371659872260533}",35,15,-10.608537352843243,"{0: 17, 1: 0, 2: 2, 3: 1, 4: 0}",1
238,False,"{'a': 0.005, 'e': 0.3670134010265584}",25,0,-41.95228459105786,"{0: 22, 1: 0, 2: 1, 3: 1, 4: 1}",1
239,False,"{'a': 0.005, 'e': 0.3623577544766736}",20,0,-12.018800775134029,"{0: 17, 1: 0, 2: 2, 3: 1, 4: 0}",0
240,False,"{'a': 0.005, 'e': 0.3576930490017995}",30,11,22.93635885711756,"{0: 18, 1: 0, 2: 1, 3: 0, 4: 0}",1
241,False,"{'a': 0.005, 'e': 0.3530194012193304}",20,4,-8.174537218951427,"{0: 13, 1: 0, 2: 3, 3: 0, 4: 0}",1
242,False,"{'a': 0.005, 'e': 0.348336927970217}",30,14,-32.537198275059886,"{0: 12, 1: 0, 2: 3, 3: 1, 4: 0}",1
243,False,"{'a': 0.005, 'e': 0.34364574631604705}",20,9,-55.79650892157104,"{0: 7, 1: 0, 2: 3, 3: 0, 4: 1}",1
244,False,"{'a': 0.005, 'e': 0.3389459735361172}",20,7,-12.713015889911073,"{0: 10, 1: 0, 2: 3, 3: 0, 4: 0}",1
245,False,"{'a': 0.005, 'e': 0.3342377271245026}",20,2,-10.465219883300495,"{0: 14, 1: 1, 2: 3, 3: 0, 4: 0}",1
246,False,"{'a': 0.005, 'e': 0.32952112478711787}",20,6,17.009072935428197,"{0: 13, 1: 1, 2: 0, 3: 0, 4: 0}",1
247,False,"{'a': 0.005, 'e': 0.32479628443877623}",30,0,-22.302656114316314,"{0: 26, 1: 0, 2: 2, 3: 2, 4: 0}",0
248,False,"{'a': 0.005, 'e': 0.32006332420023986}",25,0,9.402230599323532,"{0: 23, 1: 0, 2: 2, 3: 0, 4: 0}",0
249,False,"{'a': 0.005, 'e': 0.3153223623952687}",20,6,-47.63716752959775,"{0: 10, 1: 2, 2: 0, 3: 1, 4: 1}",1
250,False,"{'a': 0.005, 'e': 0.3105735175476604}",20,14,13.730319888190571,"{0: 6, 1: 0, 2: 0, 3: 0, 4: 0}",1
251,False,"{'a': 0.005, 'e': 0.30581690837828934}",25,8,-23.142210157428078,"{0: 15, 1: 0, 2: 1, 3: 0, 4: 1}",1
252,False,"{'a': 0.005, 'e': 0.3010526538021365}",25,3,-5.842936140914803,"{0: 19, 1: 1, 2: 1, 3: 1, 4: 0}",1
253,False,"{'a': 0.005, 'e': 0.29628087292531874}",25,10,-50.13929827253475,"{0: 12, 1: 0, 2: 1, 3: 1, 4: 1}",1
254,False,"{'a': 0.005, 'e': 0.2915016850421088}",25,10,-5.20994726779969,"{0: 12, 1: 1, 2: 2, 3: 0, 4: 0}",1
255,False,"{'a': 0.005, 'e': 0.2867152096319555}",30,6,35.714256090841,"{0: 23, 1: 1, 2: 0, 3: 0, 4: 0}",1
256,False,"{'a': 0.005, 'e': 0.2819215663564944}",20,12,2.0634251679120226,"{0: 6, 1: 2, 2: 0, 3: 0, 4: 0}",1
257,False,"{'a': 0.005, 'e': 0.2771208750565576}",20,13,-12.759644600450997,"{0: 5, 1: 0, 2: 2, 3: 0, 4: 0}",1
258,False,"{'a': 0.005, 'e': 0.272313255749178}",20,6,0.47686782601326305,"{0: 13, 1: 0, 2: 0, 3: 1, 4: 0}",1
259,False,"{'a': 0.005, 'e': 0.26749882862458735}",30,14,30.734589648955144,"{0: 16, 1: 0, 2: 0, 3: 0, 4: 0}",1
260,False,"{'a': 0.005, 'e': 0.26267771404321355}",20,11,7.586646425406126,"{0: 8, 1: 0, 2: 1, 3: 0, 4: 0}",1
261,False,"{'a': 0.005, 'e': 0.2578500325326696}",25,7,13.977381215783495,"{0: 16, 1: 0, 2: 2, 3: 0, 4: 0}",1
262,False,"{'a': 0.005, 'e': 0.25301590478474223}",20,13,18.415536213049528,"{0: 7, 1: 0, 2: 0, 3: 0, 4: 0}",1
263,False,"{'a': 0.005, 'e': 0.2481754516523729}",20,2,13.356861759656795,"{0: 17, 1: 0, 2: 1, 3: 0, 4: 0}",1
264,False,"{'a': 0.005, 'e': 0.24332879414663827}",20,0,-5.717548684615156,"{0: 17, 1: 1, 2: 1, 3: 1, 4: 0}",0
265,False,"{'a': 0.005, 'e': 0.23847605343372313}",20,10,-2.740764359040055,"{0: 8, 1: 0, 2: 2, 3: 0, 4: 0}",1
266,False,"{'a': 0.005, 'e': 0.233617350831893}",20,2,-26.096782544655134,"{0: 15, 1: 1, 2: 1, 3: 0, 4: 1}",1
267,False,"{'a': 0.005, 'e': 0.22875280780845939}",35,20,0.29934750736217297,"{0: 13, 1: 0, 2: 2, 3: 0, 4: 0}",1
268,False,"{'a': 0.005, 'e': 0.22388254597674498}",25,0,12.733894871070556,"{0: 22, 1: 1, 2: 2, 3: 0, 4: 0}",0
269,False,"{'a': 0.005, 'e': 0.2190066870930415}",20,12,-37.73847984518749,"{0: 6, 1: 0, 2: 1, 3: 0, 4: 1}",1
270,False,"{'a': 0.005, 'e': 0.21412535305356747}",20,0,21.757129954553314,"{0: 19, 1: 0, 2: 1, 3: 0, 4: 0}",0
271,False,"{'a': 0.005, 'e': 0.20923866589141926}",30,3,-18.775615558968056,"{0: 24, 1: 0, 2: 2, 3: 0, 4: 1}",1
272,False,"{'a': 0.005, 'e': 0.20434674777352183}",20,9,11.373948983981943,"{0: 10, 1: 0, 2: 1, 3: 0, 4: 0}",1
273,False,"{'a': 0.005, 'e': 0.19944972099757285}",20,12,17.69078594970909,"{0: 8, 1: 0, 2: 0, 3: 0, 4: 0}",1
274,False,"{'a': 0.005, 'e': 0.19454770798898718}",30,8,38.916371326377764,"{0: 22, 1: 0, 2: 0, 3: 0, 4: 0}",1
275,False,"{'a': 0.005, 'e': 0.18964083129783424}",25,6,-41.20875112082112,"{0: 16, 1: 0, 2: 1, 3: 1, 4: 1}",1
276,False,"{'a': 0.005, 'e': 0.1847292135957762}",25,0,-23.500038561802484,"{0: 22, 1: 0, 2: 2, 3: 0, 4: 1}",0
277,False,"{'a': 0.005, 'e': 0.17981297767299936}",30,18,13.32514866518014,"{0: 11, 1: 1, 2: 0, 3: 0, 4: 0}",1
278,False,"{'a': 0.005, 'e': 0.17489224643514614}",35,13,48.043473584271275,"{0: 22, 1: 0, 2: 0, 3: 0, 4: 0}",1
279,False,"{'a': 0.005, 'e': 0.16996714290024081}",30,12,-18.32893448201372,"{0: 16, 1: 1, 2: 0, 3: 0, 4: 1}",1
280,False,"{'a': 0.005, 'e': 0.16503779019561562}",20,13,-10.794204038989902,"{0: 5, 1: 0, 2: 2, 3: 0, 4: 0}",1
281,False,"{'a': 0.005, 'e': 0.16010431155483126}",20,6,-20.69708466621692,"{0: 13, 1: 0, 2: 0, 3: 0, 4: 1}",1
282,False,"{'a': 0.005, 'e': 0.15516683031459658}",30,4,-17.909811709499422,"{0: 22, 1: 0, 2: 3, 3: 1, 4: 0}",1
283,False,"{'a': 0.005, 'e': 0.15022546991168584}",20,15,11.02559602026762,"{0: 5, 1: 0, 2: 0, 3: 0, 4: 0}",1
284,False,"{'a': 0.005, 'e': 0.14528035387985133}",20,12,4.4256039682932276,"{0: 7, 1: 0, 2: 1, 3: 0, 4: 0}",1
285,False,"{'a': 0.005, 'e': 0.14033160584673673}",25,0,44.75464473058476,"{0: 25, 1: 0, 2: 0, 3: 0, 4: 0}",1
286,False,"{'a': 0.005, 'e': 0.13537934953078465}",30,20,21.089753938281152,"{0: 10, 1: 0, 2: 0, 3: 0, 4: 0}",1
287,False,"{'a': 0.005, 'e': 0.13042370873814554}",25,20,6.933521747730667,"{0: 5, 1: 0, 2: 0, 3: 0, 4: 0}",1
288,False,"{'a': 0.005, 'e': 0.12546480735958065}",25,8,24.385466667289144,"{0: 16, 1: 0, 2: 1, 3: 0, 4: 0}",1
289,False,"{'a': 0.005, 'e': 0.12050276936736662}",20,5,26.55048320433306,"{0: 15, 1: 0, 2: 0, 3: 0, 4: 0}",1
290,False,"{'a': 0.005, 'e': 0.11553771881219435}",20,15,-1.5053133512601247,"{0: 4, 1: 0, 2: 1, 3: 0, 4: 0}",1
291,False,"{'a': 0.005, 'e': 0.11056977982006959}",25,5,8.53930682230557,"{0: 18, 1: 0, 2: 2, 3: 0, 4: 0}",1
292,False,"{'a': 0.005, 'e': 0.10559907658920793}",30,9,39.86395878547706,"{0: 21, 1: 0, 2: 0, 3: 0, 4: 0}",1
293,False,"{'a': 0.005, 'e': 0.10062573338693173}",20,6,24.146255428322316,"{0: 14, 1: 0, 2: 0, 3: 0, 4: 0}",1
294,False,"{'a': 0.005, 'e': 0.09564987454656154}",20,14,12.605606412117039,"{0: 6, 1: 0, 2: 0, 3: 0, 4: 0}",1
295,False,"{'a': 0.005, 'e': 0.09067162446430968}",20,8,19.20746084000765,"{0: 12, 1: 0, 2: 0, 3: 0, 4: 0}",1
296,False,"{'a': 0.005, 'e': 0.08569110759616845}",20,9,22.367759713263546,"{0: 11, 1: 0, 2: 0, 3: 0, 4: 0}",1
297,False,"{'a': 0.005, 'e': 0.08070844845480063}",25,0,42.39824286698319,"{0: 25, 1: 0, 2: 0, 3: 0, 4: 0}",0
298,False,"{'a': 0.005, 'e': 0.07572377160642477}",30,16,27.56561730845175,"{0: 14, 1: 0, 2: 0, 3: 0, 4: 0}",1
299,False,"{'a': 0.005, 'e': 0.0707372016677029}",25,11,25.11779605562335,"{0: 14, 1: 0, 2: 0, 3: 0, 4: 0}",1
300,False,"{'a': 0.005, 'e': 0.06574886330262336}",20,11,3.966198558974349,"{0: 8, 1: 0, 2: 1, 3: 0, 4: 0}",1
301,False,"{'a': 0.005, 'e': 0.0607588812193859}",25,13,-24.953161998595395,"{0: 10, 1: 1, 2: 0, 3: 0, 4: 1}",1
302,False,"{'a': 0.005, 'e': 0.05576738016728224}",20,10,20.062924010945736,"{0: 10, 1: 0, 2: 0, 3: 0, 4: 0}",1
303,False,"{'a': 0.005, 'e': 0.05077448493357918}",25,18,12.91942586725316,"{0: 7, 1: 0, 2: 0, 3: 0, 4: 0}",1
304,False,"{'a': 0.005, 'e': 0.04578032034039706}",25,17,12.825961369751187,"{0: 8, 1: 0, 2: 0, 3: 0, 4: 0}",1
1,True,"{'a': 0, 'e': 0}",25,14,17.461958264393786,"{0: 11, 1: 0, 2: 0, 3: 0, 4: 0}",1
2,True,"{'a': 0, 'e': 0}",20,14,11.504736493381467,"{0: 6, 1: 0, 2: 0, 3: 0, 4: 0}",1
3,True,"{'a': 0, 'e': 0}",20,16,8.257524688902155,"{0: 4, 1: 0, 2: 0, 3: 0, 4: 0}",1
4,True,"{'a': 0, 'e': 0}",20,0,31.859481975179666,"{0: 20, 1: 0, 2: 0, 3: 0, 4: 0}",1
5,True,"{'a': 0, 'e': 0}",20,10,21.391965435031544,"{0: 10, 1: 0, 2: 0, 3: 0, 4: 0}",1
6,True,"{'a': 0, 'e': 0}",35,23,21.76034487084297,"{0: 12, 1: 0, 2: 0, 3: 0, 4: 0}",1
7,True,"{'a': 0, 'e': 0}",20,15,10.44389612617369,"{0: 5, 1: 0, 2: 0, 3: 0, 4: 0}",1
8,True,"{'a': 0, 'e': 0}",30,21,12.662654943346276,"{0: 9, 1: 0, 2: 0, 3: 0, 4: 0}",1
9,True,"{'a': 0, 'e': 0}",20,8,20.70881548686339,"{0: 12, 1: 0, 2: 0, 3: 0, 4: 0}",1
10,True,"{'a': 0, 'e': 0}",20,0,34.483222379706504,"{0: 20, 1: 0, 2: 0, 3: 0, 4: 0}",0
